{
    "name":"CubeGeometry.1",
    "colors":[],
    "metadata":{
        "normals":18,
        "faces":18,
        "uvs":0,
        "version":3,
        "vertices":24,
        "colors":0,
        "generator":"io_three",
        "type":"Geometry",
        "materials":1
    },
    "faces":[35,2,0,1,3,0,0,0,0,0,35,3,7,6,2,0,1,1,1,1,35,7,5,4,6,0,2,2,2,2,35,0,4,5,1,0,3,3,3,3,35,0,2,6,4,0,4,4,4,4,35,5,7,3,1,0,5,5,5,5,35,9,11,10,8,0,6,6,6,6,35,11,15,14,10,0,7,7,7,7,35,15,13,12,14,0,8,8,8,8,35,13,9,8,12,0,9,9,9,9,35,8,10,14,12,0,10,10,10,10,35,13,15,11,9,0,11,11,11,11,35,16,17,18,19,0,12,12,12,12,35,20,23,22,21,0,13,13,13,13,35,16,20,21,17,0,14,14,14,14,35,17,21,22,18,0,15,15,15,15,35,18,22,23,19,0,16,16,16,16,35,20,16,19,23,0,17,17,17,17],
    "uvs":[],
    "normals":[-0.877577,-0.016256,-0.479161,0.101515,0.025367,-0.994511,0.779718,-0.037403,0.625013,-0.407591,-0.006551,0.913141,-0.058345,-0.997905,0.027962,0.015684,0.999354,-0.032332,-0.803124,0,-0.595811,0.142141,0,-0.989846,0.829993,0,0.557774,-0.03293,0,0.999458,-0.000102,-0.999912,0.013235,0.000102,0.999912,-0.013235,-0.018083,-0.980507,0.195651,0.018072,0.98053,-0.195538,0.809705,0.001414,-0.586836,-0.126373,-0.000442,0.991983,-0.325285,-0.000568,-0.945616,0,0,-1],
    "materials":[{
        "colorDiffuse":[0,0.8,0.781137],
        "DbgIndex":0,
        "depthTest":true,
        "DbgColor":15658734,
        "shading":"phong",
        "depthWrite":true,
        "vertexColors":false,
        "visible":true,
        "DbgName":"Material",
        "colorEmissive":[0,0,0],
        "colorSpecular":[0.5,0.5,0.5],
        "transparent":false,
        "blending":"NormalBlending",
        "wireframe":false,
        "opacity":1,
        "specularCoef":50
    }],
    "vertices":[-3.75343,-1.15115,-0.544112,-3.8264,-1.16628,1.31833,-2.97648,0.319681,-0.764368,-3.00214,0.283864,1.19571,-1.42272,-2.22411,-0.783934,-1.46858,-2.1839,1.25148,0.190519,0.009061,-0.807213,0.39589,-0.075087,1.21676,-1.55027,-2.21148,-0.768516,-1.55027,-2.21148,1.23148,0.057292,-0.044559,-0.754575,0.057292,-0.044559,1.24543,0.663412,-2.28442,-0.724989,0.663412,-2.28442,1.27501,1.98283,-0.321065,-0.793898,1.98283,-0.321065,1.2061,1,1,-1,1.97519,-0.341236,-0.787237,-3.03897,0.297536,-0.785342,-1,1,-1,1,0.999999,1,1.9682,-0.341237,1.21276,-3.04596,0.297536,1.21466,-1,1,1]
}