{
    "name":"CubeGeometry",
    "colors":[],
    "metadata":{
        "normals":18,
        "faces":18,
        "uvs":0,
        "version":3,
        "vertices":24,
        "colors":0,
        "generator":"io_three",
        "type":"Geometry",
        "materials":1
    },
    "faces":[35,2,0,1,3,0,0,0,0,0,35,3,7,6,2,0,1,1,1,1,35,7,5,4,6,0,2,2,2,2,35,0,4,5,1,0,3,3,3,3,35,0,2,6,4,0,4,4,4,4,35,5,7,3,1,0,5,5,5,5,35,9,11,10,8,0,6,6,6,6,35,11,15,14,10,0,7,7,7,7,35,15,13,12,14,0,8,8,8,8,35,13,9,8,12,0,9,9,9,9,35,8,10,14,12,0,10,10,10,10,35,13,15,11,9,0,11,11,11,11,35,16,17,18,19,0,12,12,12,12,35,20,23,22,21,0,13,13,13,13,35,16,20,21,17,0,14,14,14,14,35,17,21,22,18,0,15,15,15,15,35,18,22,23,19,0,16,16,16,16,35,20,16,19,23,0,17,17,17,17],
    "uvs":[],
    "normals":[-0.877577,-0.479161,0.016256,0.101515,-0.99451,-0.025367,0.779718,0.625013,0.037403,-0.407591,0.913141,0.006551,-0.058345,0.027962,0.997905,0.015684,-0.032332,-0.999354,-0.803124,-0.595811,0,0.142141,-0.989846,0,0.829993,0.557774,-0,-0.03293,0.999458,-0,-0.000102,0.013235,0.999912,0.000102,-0.013235,-0.999912,-0.018083,0.195651,0.980507,0.018072,-0.195538,-0.98053,0.809705,-0.586836,-0.001414,-0.126373,0.991983,0.000442,-0.325285,-0.945616,0.000568,0,-1,-0],
    "materials":[{
        "colorDiffuse":[0,0.8,0.781137],
        "DbgIndex":0,
        "depthTest":true,
        "DbgColor":15658734,
        "shading":"phong",
        "depthWrite":true,
        "vertexColors":false,
        "visible":true,
        "DbgName":"Material",
        "colorEmissive":[0,0,0],
        "colorSpecular":[0.5,0.5,0.5],
        "transparent":false,
        "blending":"NormalBlending",
        "wireframe":false,
        "opacity":1,
        "specularCoef":50
    }],
    "vertices":[-3.75343,-0.544112,1.15115,-3.8264,1.31833,1.16628,-2.97648,-0.764368,-0.319681,-3.00214,1.19571,-0.283864,-1.42272,-0.783934,2.22411,-1.46858,1.25148,2.1839,0.190519,-0.807213,-0.009061,0.39589,1.21676,0.075087,-1.55027,-0.768516,2.21148,-1.55027,1.23148,2.21148,0.057292,-0.754575,0.044559,0.057292,1.24543,0.044559,0.663412,-0.724989,2.28442,0.663412,1.27501,2.28442,1.98283,-0.793898,0.321065,1.98283,1.2061,0.321065,1,-1,-1,1.97519,-0.787237,0.341236,-3.03897,-0.785342,-0.297536,-1,-1,-1,1,1,-1,1.9682,1.21276,0.341237,-3.04596,1.21466,-0.297536,-1,1,-1]
}