{
    "uvs":[],
    "materials":[{
        "transparent":false,
        "colorDiffuse":[0.64,0.64,0.64],
        "DbgName":"Material",
        "blending":"NormalBlending",
        "opacity":1,
        "visible":true,
        "depthTest":true,
        "colorSpecular":[0.5,0.5,0.5],
        "wireframe":false,
        "DbgColor":15658734,
        "colorEmissive":[0,0,0],
        "depthWrite":true,
        "DbgIndex":0,
        "shading":"phong",
        "specularCoef":50
    }],
    "metadata":{
        "generator":"io_three",
        "vertices":8,
        "version":3,
        "normals":6,
        "materials":1,
        "type":"Geometry",
        "faces":6,
        "uvs":0
    },
    "vertices":[-0.747467,-0.150809,-1.62207,0.747467,-0.150809,-1.62207,0.747467,-1.23527,1.06206,-0.747467,-1.23527,1.06206,-0.747466,1.23527,-1.06206,0.747467,1.23527,-1.06206,0.747467,0.150808,1.62207,-0.747467,0.150809,1.62207],
    "faces":[35,0,1,2,3,0,0,0,0,0,35,4,7,6,5,0,1,1,1,1,35,0,4,5,1,0,2,2,2,2,35,1,5,6,2,0,3,3,3,3,35,2,6,7,3,0,4,4,4,4,35,4,0,3,7,0,5,5,5,5],
    "normals":[0,-0.374607,0.927184,0,0.374606,-0.927184,1e-06,-0.927184,-0.374607,1,0,0,-0,0.927184,0.374607,-1,-0,-0],
    "name":"CubeGeometry.2"
}