{
    "faces":[35,0,1,2,3,0,0,0,0,0,35,4,7,6,5,0,1,1,1,1,35,0,4,5,1,0,2,2,2,2,35,1,5,6,2,0,3,3,3,3,35,2,6,7,3,0,4,4,4,4,35,4,0,3,7,0,5,5,5,5],
    "vertices":[4.43158,-4.43158,-4.43158,4.43158,-4.43158,4.43158,-4.43158,-4.43158,4.43158,-4.43158,-4.43158,-4.43158,4.43158,4.43158,-4.43158,4.43158,4.43158,4.43158,-4.43158,4.43158,4.43158,-4.43158,4.43158,-4.43158],
    "normals":[0,0,1,0,0,-1,1,0,-0,-0,1,0,-1,-0,0,0,-1,-0],
    "name":"CubeGeometry.1",
    "uvs":[],
    "bones":[],
    "metadata":{
        "faces":6,
        "vertices":8,
        "version":3,
        "normals":6,
        "uvs":0,
        "bones":0,
        "materials":1,
        "type":"Geometry",
        "generator":"io_three"
    },
    "materials":[{
        "depthWrite":true,
        "colorEmissive":[0,0,0],
        "shading":"phong",
        "DbgIndex":0,
        "specularCoef":50,
        "colorSpecular":[0.5,0.5,0.5],
        "opacity":1,
        "DbgName":"Material",
        "transparent":false,
        "colorDiffuse":[0.64,0.64,0.64],
        "depthTest":true,
        "visible":true,
        "blending":"NormalBlending",
        "DbgColor":15658734,
        "wireframe":false
    }]
}
