day,energy
1,454886.40137829
2,477455.7830074213
3,460956.5109355704
4,471032.1081057619
5,476375.65388441755
total,2340706.457311461
