day,energy
1,299769.95137829
2,318874.6330074214
3,305533.81093556946
4,314528.5581057599
5,316895.2538844172
total,1555602.2073114582
