day,energy
1,155116.44999999987
2,158581.15000000005
3,155422.69999999975
4,156503.54999999973
5,159480.40000000014
total,785104.2499999995
