day,energy
1,151340.39999999994
2,155252.65000000002
3,154165.39999999964
4,153259.3
5,147950.3499999998
total,761968.0999999994
