day,energy
1,293455.8616846349
2,315787.0363812006
3,324204.89245150605
4,324382.64685364836
5,318451.2464408386
total,1576281.6838118285
