day,energy
1,444796.2616846361
2,471039.6863812014
3,478370.29245150666
4,477641.9468536478
5,466401.5964408392
total,2338249.783811831
