day,energy
1,435737.6617369533
2,460166.3726784365
3,453627.9944320278
4,465310.44078478473
5,462878.5990590603
total,2277721.068691263
