day,energy
1,155115.94999999984
2,153375.19999999952
3,160090.80000000034
4,160781.45000000016
5,158485.24999999965
total,787848.6499999994
