day,energy
1,280621.71173695347
2,306791.1726784361
3,293537.194432028
4,304528.9907847846
5,304393.349059059
total,1489872.4186912612
