day,energy
1,159383.29999999996
2,154600.29999999976
3,160796.45000000016
4,151858.1000000001
5,161258.24999999988
total,787896.3999999999
