day,energy
1,277569.29548351193
2,298453.4760805361
3,295482.91867889324
4,306692.01335351524
5,306660.73476320464
total,1484858.438359661
