day,energy
1,436952.59548351227
2,453053.77608053666
3,456279.36867889314
4,458550.11335351475
5,467918.98476320534
total,2272754.8383596623
