day,energy
1,439429.6533130141
2,456020.60143073305
3,469686.213366291
4,444696.70001880743
5,460347.48428745865
total,2270180.652416304
