day,energy
1,153641.9500000002
2,151831.3999999999
3,162599.90000000014
4,147073.00000000035
5,151127.04999999973
total,766273.3000000003
