day,energy
1,285787.7033130142
2,304189.20143073297
3,307086.31336628995
4,297623.7000188073
5,309220.4342874581
total,1503907.3524163025
