day,energy
1,327643.8641448392
2,376685.4687016918
3,381862.77876382857
4,372594.97859466006
5,365184.85548148997
total,1823971.9456865096
