day,energy
1,237627.31414483907
2,286895.1687016907
3,287050.12876382796
4,273501.9285946591
5,267983.8554814888
total,1353058.3956865056
