day,energy
1,90016.54999999997
2,89790.29999999981
3,94812.64999999979
4,99093.04999999993
5,97201.00000000003
total,470913.5499999996
