day,energy
1,158896.44999999978
2,154369.19999999975
3,157862.29999999996
4,156344.3999999995
5,155034.65
total,782506.999999999
