day,energy
1,264886.9408003064
2,293209.8552896139
3,286505.4587634957
4,293258.72997124295
5,301268.2930946246
total,1439129.2779192834
