day,energy
1,423783.390800307
2,447579.05528961524
3,444367.75876349624
4,449603.1299712431
5,456302.94309462496
total,2221636.277919287
