day,energy
1,112207.05000000012
2,113284.09999999989
3,114805.65000000001
4,114729.30000000015
5,115463.74999999993
total,570489.8500000001
