day,energy
1,112207.0499999998
2,113284.1
3,114805.64999999979
4,114729.29999999971
5,115463.74999999987
total,570489.8499999992
