day,energy
1,477880.3638786458
2,499050.4660259829
3,510239.69346442283
4,506152.5694508284
5,495804.03094237414
total,2489127.123762254
