day,energy
1,155030.45000000024
2,159282.04999999984
3,159346.7999999999
4,155612.39999999985
5,155477.85000000003
total,784749.55
