day,energy
1,323927.93227350066
2,347657.51011100353
3,341944.40091918595
4,341396.920796944
5,343444.2235383246
total,1698370.9876389587
