day,energy
1,478958.38227350195
2,506939.5601110037
3,501291.2009191874
4,497009.32079694304
5,498922.07353832497
total,2483120.537638961
