day,energy
1,452763.825589579
2,471610.97414285416
3,465480.36061580054
4,474579.3861742539
5,458251.2733659518
total,2322685.8198884395
