day,energy
1,159905.5499999998
2,155136.59999999995
3,154110.2000000002
4,153834.14999999982
5,151082.4999999999
total,774068.9999999997
