day,energy
1,292858.27558957925
2,316474.3741428537
3,311370.16061579937
4,320745.23617425346
5,307168.77336595097
total,1548616.8198884367
