day,energy
1,473736.6636223172
2,484738.4760397928
3,481168.60620864475
4,486104.3985778255
5,488698.07703285106
total,2414446.2214814313
