day,energy
1,317319.56362231664
2,329226.7260397932
3,329523.8562086447
4,329333.54857782554
5,336545.97703285055
total,1641949.6714814305
