day,energy
1,156417.09999999998
2,155511.74999999977
3,151644.75000000006
4,156770.84999999957
5,152152.09999999983
total,772496.5499999992
