day,energy
1,150689.2499999997
2,156661.9499999998
3,153638.15000000008
4,145050.6999999999
5,150636.0499999999
total,756676.0999999994
