day,energy
1,277881.3034081294
2,301949.6612142039
3,291211.89181136957
4,304010.6221530833
5,306083.25220279215
total,1481136.7307895783
