day,energy
1,428570.55340813025
2,458611.611214205
3,444850.0418113703
4,449061.32215308433
5,456719.3022027925
total,2237812.8307895823
