day,energy
1,419305.94736189174
2,444947.14249075635
3,445335.7508013593
4,449200.1869328037
5,449928.8003729846
total,2208717.827959796
