day,energy
1,219670.93370204422
2,257213.12185883423
3,258333.79626108074
4,255538.2060013564
5,258539.89404436154
total,1249295.9518676773
