day,energy
1,60339.399999999776
2,66864.04999999994
3,67946.25000000003
4,69660.1
5,68686.50000000017
total,333496.29999999993
