day,energy
1,90046.19999999994
2,95625.24999999984
3,94409.54999999993
4,94144.79999999977
5,96812.34999999979
total,471038.14999999927
