day,energy
1,157959.49999999962
2,154435.5999999999
3,156498.89999999997
4,157040.29999999993
5,159840.6
total,785774.8999999993
