day,energy
1,280010.33370204456
2,324077.1718588337
3,326280.04626107967
4,325198.3060013556
5,327226.39404436125
total,1582792.2518676748
