day,energy
1,321658.7437005575
2,370648.8505359255
3,358424.96562798886
4,365086.80199970474
5,364941.046441205
total,1780760.4083053817
