day,energy
1,231612.5437005574
2,275023.6005359257
3,264015.41562798945
4,270942.00199970504
5,268128.69644120475
total,1309722.2583053824
