day,energy
1,261346.44736189154
2,290511.54249075736
3,288836.8508013592
4,292159.8869328031
5,290088.2003729854
total,1422942.9279597965
