{
    "type": 1,
    "steps":
[
[],
  [
    {
      "agent": 0,
      "moveTo": {
        "x": 1272.727,
        "y": 760.362
      },
      "toStep": 2
    }
  ],
  [
    {
      "agent": 0,
      "moveTo": {
        "x": 1272.727,
        "y": 760.362
      },
      "toStep": 3
    }
  ],
  [
    {
      "agent": 0,
      "moveTo": {
        "x": 1272.727,
        "y": 760.362
      },
      "toStep": 4
    }
  ],
  [
    {
      "agent": 0,
      "moveTo": {
        "x": 1272.727,
        "y": 760.362
      },
      "toStep": 5
    }
  ],
  [
    {
      "agent": 0,
      "moveTo": {
        "x": 1272.727,
        "y": 760.362
      },
      "toStep": 6
    }
  ],
  [
    {
      "agent": 0,
      "moveTo": {
        "x": 1272.727,
        "y": 760.362
      },
      "toStep": 7
    }
  ],
  [
    {
      "agent": 0,
      "moveTo": {
        "x": 1272.727,
        "y": 760.362
      },
      "toStep": 8
    }
  ],
  [
    {
      "agent": 0,
      "moveTo": {
        "x": 1272.727,
        "y": 760.362
      },
      "toStep": 9
    }
  ],
  [
    {
      "agent": 0,
      "moveTo": {
        "x": 1272.727,
        "y": 760.362
      },
      "toStep": 10
    }
  ],
  [
    {
      "agent": 0,
      "moveTo": {
        "x": 1272.727,
        "y": 760.362
      },
      "toStep": 11
    }
  ],
  [
    {
      "agent": 0,
      "moveTo": {
        "x": 1272.727,
        "y": 760.362
      },
      "toStep": 12
    }
  ],
  [
    {
      "agent": 0,
      "moveTo": {
        "x": 1272.727,
        "y": 760.362
      },
      "toStep": 13
    }
  ],
  [
    {
      "agent": 0,
      "moveTo": {
          "x": 1272.727,
          "y": 432.36199999999997
      },
      "toStep": 17
    }
  ],
  [

  ],
  [

  ],
  [

  ],
  [
    {
      "agent": 0,
      "moveTo": {
        "x": 1375.353,
        "y": 432.36199999999997
      },
      "toStep": 18
    }
  ],
  [
    {
      "agent": 0,
      "moveTo": {
        "x": 1477.979,
        "y": 432.36199999999997
      },
      "toStep": 19
    }
  ],
  [
    {
      "agent": 0,
      "moveTo": {
        "x": 1477.979,
        "y": 350.36199999999997
      },
      "toStep": 20
    }
  ],
  [
    {
      "agent": 0,
      "moveTo": {
        "x": 1580.605,
        "y": 350.36199999999997
      },
      "toStep": 21
    }
  ],
  [
    {
      "agent": 0,
      "moveTo": {
        "x": 1580.605,
        "y": 193.36199999999997
      },
      "toStep": 22
    }
  ],
  [
    {
      "agent": 0,
      "moveTo": {
        "x": 1683.231,
        "y": 193.36199999999997
      },
      "toStep": 23
    }
  ],
  [
    {
      "agent": 0,
      "moveTo": {
        "x": 1683.231,
        "y": 111.36199999999997
      },
      "toStep": 24
    }
  ],
  [
    {
      "agent": 0,
      "moveTo": {
        "x": 1785.857,
        "y": 111.36199999999997
      },
      "toStep": 25
    }
  ],
  [
    {
      "agent": 0,
      "moveTo": {
        "x": 1785.857,
        "y": 29.361999999999966
      },
      "toStep": 26
    }
  ],
  [
    {
      "agent": 0,
      "moveTo": {
        "x": 1888.483,
        "y": 29.361999999999966
      },
      "toStep": 27
    }
  ],
  [
    {
      "agent": 0,
      "moveTo": {
        "x": 1888.483,
        "y": -52.638000000000034
      },
      "toStep": 28
    }
  ],
  [
    {
      "agent": 0,
      "moveTo": {
        "x": 1991.1090000000002,
        "y": -52.638000000000034
      },
      "toStep": 29
    }
  ],
  [
    {
      "agent": 0,
      "moveTo": {
        "x": 1991.1090000000002,
        "y": -134.63800000000003
      },
      "toStep": 30
    }
  ],
  [
    {
      "agent": 0,
      "moveTo": {
        "x": 2093.735,
        "y": -134.63800000000003
      },
      "toStep": 31
    }
  ],
  [
    {
      "agent": 0,
      "moveTo": {
        "x": 2196.3610000000003,
        "y": -134.63800000000003
      },
      "toStep": 32
    }
  ],
  [
    {
      "agent": 0,
      "moveTo": {
        "x": 2298.9870000000005,
        "y": -134.63800000000003
      },
      "toStep": 33
    }
  ],
  [
    {
      "agent": 0,
      "moveTo": {
        "x": 2401.6130000000003,
        "y": -134.63800000000003
      },
      "toStep": 34
    }
  ],
  [
    {
      "agent": 0,
      "moveTo": {
        "x": 2504.2390000000005,
        "y": -134.63800000000003
      },
      "toStep": 35
    }
  ],
  [
    {
      "agent": 0,
      "moveTo": {
        "x": 2606.8650000000002,
        "y": -134.63800000000003
      },
      "toStep": 36
    }
  ],
  [
    {
      "agent": 0,
      "moveTo": {
        "x": 2709.4910000000004,
        "y": -134.63800000000003
      },
      "toStep": 37
    }
  ],
  [
    {
      "agent": 0,
      "moveTo": {
        "x": 2812.117,
        "y": -134.63800000000003
      },
      "toStep": 38
    }
  ],
  [
    {
      "agent": 0,
      "moveTo": {
        "x": 2914.7430000000004,
        "y": -134.63800000000003
      },
      "toStep": 39
    }
  ],
  [
    {
      "agent": 0,
      "moveTo": {
        "x": 3017.369,
        "y": -134.63800000000003
      },
      "toStep": 40
    }
  ],
  [
    {
      "agent": 0,
      "moveTo": {
        "x": 3119.9950000000003,
        "y": -134.63800000000003
      },
      "toStep": 41
    }
  ],
  [
    {
      "agent": 0,
      "moveTo": {
        "x": 3119.9950000000003,
        "y": -216.63800000000003
      },
      "toStep": 42
    }
  ],
  [
    {
      "agent": 0,
      "moveTo": {
        "x": 3222.6210000000005,
        "y": -216.63800000000003
      },
      "toStep": 43
    }
  ],
  [
    {
      "agent": 0,
      "moveTo": {
        "x": 3222.6210000000005,
        "y": -298.63800000000003
      },
      "toStep": 44
    }
  ],
  [
    {
      "agent": 0,
      "moveTo": {
        "x": 3222.6210000000005,
        "y": -380.63800000000003
      },
      "toStep": 45
    }
  ],
  [
    {
      "agent": 0,
      "moveTo": {
        "x": 3222.6210000000005,
        "y": -380.63800000000003
      },
      "toStep": 46
    }
  ],
  [
    {
      "agent": 0,
      "moveTo": {
        "x": 3222.6210000000005,
        "y": -380.63800000000003
      },
      "toStep": 47
    }
  ],
  [
    {
      "agent": 0,
      "moveTo": {
        "x": 3222.6210000000005,
        "y": -380.63800000000003
      },
      "toStep": 48
    }
  ]
]
}
