day,energy
1,292783.4284070661
2,318117.22949943034
3,319182.932521189
4,319525.7433064286
5,317572.52560222475
total,1567181.8593363387
