day,energy
1,82679.50000000012
2,82304.49999999942
3,81561.09999999915
4,83419.54999999952
5,82310.44999999942
total,412275.09999999765
