day,energy
1,190942.50000000282
2,196367.50000000055
3,197834.24999999965
4,193617.0499999976
5,199495.8000000007
total,978257.1000000013
