day,energy
1,482353.92840706545
2,501243.82949942787
3,503991.732521187
4,498655.5933064302
5,498644.42560222076
total,2484889.5093363314
