day,energy
1,486898.1623751055
2,518569.6516651827
3,519543.9496425564
4,513853.68870572996
5,520351.48306023603
total,2559216.9354488105
