day,energy
1,189570.49999999913
2,183126.59999999896
3,184808.80000000118
4,179129.84999999808
5,181071.89999999895
total,917707.6499999964
