day,energy
1,293379.6138786425
2,319762.11602598213
3,320413.24346442526
4,319826.3194508283
5,318624.4809423763
total,1572005.7737622545
