day,energy
1,323005.2795955666
2,334849.6398815063
3,334126.25863458647
4,334797.25274980505
5,335248.90325528494
total,1662027.3341167495
