day,energy
1,405684.7795955632
2,417154.1398815046
3,415687.35863458604
4,418216.8027498067
5,417559.3532552863
total,2074302.434116747
