day,energy
1,295955.66237510677
2,322202.1516651851
3,321709.6996425606
4,320236.6387057296
5,320855.6830602303
total,1580959.8354488122
