day,energy
1,184500.7499999989
2,179288.35000000033
3,189826.4500000004
4,186326.25000000017
5,177179.549999999
total,917121.3499999988
